company,ticker,filing_year,filing_date,risk_category,risk_subcategory,keyword_matched,evidence_sentence,keyword_count,severity_score,severity_rationale,source_file,analyst_notes,llm_validated,llm_confidence,rejection_reason,revised_subcategory
Boeing,BA,2026,1/30/2026,Geopolitical Risk,Geopolitical,war,"Prior to joining Boeing, he served as the Director of the Australian War Memorial from December 2012 to December 2019 and as the Australian Ambassador to Belgium, Luxembourg, the European Union and NATO from February 2010 to November 2012.",1,1,base=1 (filing mentions=1); amplifiers=0; dampeners=0,BA_risk_factors.txt,,False,high,"The keyword 'war' appears only as part of the proper noun 'Australian War Memorial' in a biographical description of a director's prior employment, not in the context of actual geopolitical or supply chain risk",
Boeing,BA,2026,1/30/2026,Material & Component Shortage,Inflation / Cost Pressure,inflation,"Total revenue estimates are based on negotiated contract prices and quantities, modified by our assumptions regarding contract options, change orders, incentive and award fee provisions associated with technical performance, and price adjustment clauses (such as inflation or index-based clauses).",2,2,base=2 (filing mentions=2); amplifiers=0; dampeners=0,BA_risk_factors.txt,,False,high,"Describes revenue estimation methodology with inflation adjustments as part of contract pricing mechanisms, not a supply chain risk or cost pressure vulnerability",
Boeing,BA,2026,1/30/2026,Material & Component Shortage,Inflation / Cost Pressure,inflation,"The sales prices for all undelivered units within the accounting quantity include an escalation adjustment for inflation that is updated quarterly, as well as customer consideration driven by delivery delays.",2,2,base=2 (filing mentions=2); amplifiers=0; dampeners=0,BA_risk_factors.txt,,False,high,Sentence describes an accounting mechanism (escalation adjustment for inflation in sales prices) rather than expressing a supply chain risk or vulnerability,
Boeing,BA,2026,1/30/2026,Manufacturing & Production Risk,Production Capacity,production risk,"In January 2025, the USAF announced an updated acquisition approach for the T-7A Red Hawk that allows the Company to provide a production-ready configuration to the customer prior to low-rate initial production, which better supports the operational needs of the customer and reduces future production risk.",1,1,base=1 (filing mentions=1); amplifiers=0; dampeners=0,BA_risk_factors.txt,,False,high,Sentence describes a mitigation strategy that reduces future production risk rather than expressing a current vulnerability or threat,
Boeing,BA,2026,1/30/2026,Manufacturing & Production Risk,Workforce / Labor,strike,"Potential common shares from performance restricted stock units, restricted stock units and stock options were not included because their effect was antidilutive based on their strike price or the performance condition was not met.",1,1,base=1 (filing mentions=1); amplifiers=0; dampeners=0,BA_risk_factors.txt,,False,high,"The term 'strike' refers to 'strike price' in the context of stock options and equity compensation accounting, not labor strikes or workforce risks",
Boeing,BA,2026,1/30/2026,Manufacturing & Production Risk,Workforce / Labor,union,"Prior to joining Boeing, he served as the Director of the Australian War Memorial from December 2012 to December 2019 and as the Australian Ambassador to Belgium, Luxembourg, the European Union and NATO from February 2010 to November 2012.",1,1,base=1 (filing mentions=1); amplifiers=0; dampeners=0,BA_risk_factors.txt,,False,high,"The keyword 'union' refers to 'European Union' as a proper noun in a biographical context describing a director's previous diplomatic positions, not labor union or workforce risks",
Boeing,BA,2026,1/30/2026,Technology & Cyber Risk,Cybersecurity,cybersecurity,"Products sales under long-term contracts primarily include fighter jets, rotorcraft, cybersecurity products, surveillance suites, advanced weapons, missile defense, military derivative aircraft, satellite systems and modification of commercial passenger aircraft to cargo freighters.",1,1,base=1 (filing mentions=1); amplifiers=0; dampeners=0,BA_risk_factors.txt,,False,high,"Product listing - cybersecurity is listed as a product the company sells, not a risk the company faces",
Boeing,BA,2026,1/30/2026,Technology & Cyber Risk,Intellectual Property,intellectual property,"Note 23 – Legal Proceedings We are subject, from time to time, to various legal proceedings and claims related to our business that cover a wide range of matters, including those related to products, contracts, labor and employment, securities, antitrust and trade regulations, intellectual property, and other matters.",1,1,base=1 (filing mentions=1); amplifiers=0; dampeners=0,BA_risk_factors.txt,,False,high,"Generic legal proceedings boilerplate listing intellectual property among many other legal matters, without describing any specific IP risk or vulnerability",
L3Harris Technologies,LHX,2026,2/12/2026,Export Control & Regulatory,Export Control,ITAR,"Government contracts are compliant with applicable contractual requirements and procurement and other applicable federal laws and regulations, including ITAR and FCPA.",2,1,base=2 (filing mentions=2); amplifiers=0; dampeners=1,LHX_risk_factors.txt,,False,high,Statement describes compliance controls already in place rather than expressing a vulnerability or risk; it affirms that government contracts ARE compliant with ITAR rather than identifying ITAR as a risk factor,
L3Harris Technologies,LHX,2026,2/12/2026,Manufacturing & Production Risk,Workforce / Labor,union,We make cash contributions to these plans under the terms of collective-bargaining agreements that cover union employees based on a fixed rate per hour of service worked by the covered employees.,1,1,base=1 (filing mentions=1); amplifiers=0; dampeners=0,LHX_risk_factors.txt,,False,high,"Sentence describes routine operational payment obligations under collective-bargaining agreements, not a risk or vulnerability",
L3Harris Technologies,LHX,2026,2/12/2026,Technology & Cyber Risk,Intellectual Property,intellectual property,"NOTE 15: LEGAL PROCEEDINGS, COMMITMENTS AND CONTINGENCIES Legal Proceedings In the ordinary course of business, we are routinely defendants in, parties to or otherwise subject to many pending and threatened legal actions, claims, disputes, arbitrations and other legal proceedings incident to our business, arising from or related to matters, including but not limited to: product liability; personal injury; patents, trademarks, trade secrets or other intellectual property; labor and employment disputes; commercial or contractual disputes; strategic acquisitions or divestitures; the prior sale or use of former products allegedly containing asbestos or other restricted materials; breach of warranty; or environmental matters.",1,2,base=1 (filing mentions=1); amplifiers=1; dampeners=0,LHX_risk_factors.txt,,False,high,"This is a boilerplate legal proceedings disclosure listing potential types of litigation, not a description of actual supply chain or IP risks. It describes routine legal matters in general terms rather than expressing a genuine vulnerability.",
Lockheed Martin,LMT,2026,1/29/2026,Geopolitical Risk,Legal/Regulatory Compliance,sanctions,"These types of matters could result in fines, penalties, cost reimbursements or contributions, compensatory or treble damages or non-monetary sanctions or relief.",4,2,base=2 (filing mentions=4); amplifiers=0; dampeners=0,LMT_risk_factors.txt,,False,high,"The word 'sanctions' refers to legal penalties/remedies (non-monetary sanctions or relief) imposed by courts or regulators, not geopolitical sanctions that would affect supply chain operations",Legal/Regulatory Compliance
Lockheed Martin,LMT,2026,1/29/2026,Geopolitical Risk,Legal/Regulatory Risk,sanctions,"These proceedings could result in fines, penalties, cost reimbursements or contributions, compensatory or treble damages or non-monetary sanctions or relief.",4,2,base=2 (filing mentions=4); amplifiers=0; dampeners=0,LMT_risk_factors.txt,,False,high,"The sentence discusses legal proceedings and potential penalties/sanctions (judicial remedies), not geopolitical sanctions or supply chain risks. 'Sanctions' here refers to legal consequences, not trade/economic sanctions.",Legal/Regulatory Risk
Lockheed Martin,LMT,2026,1/29/2026,Manufacturing & Production Risk,Workforce / Labor,strike,"MFC’s major programs include Patriot Advanced Capability-3 (PAC-3), Terminal High Altitude Area Defense (THAAD), Multiple Launch Rocket System (MLRS), Precision Strike Missile (PrSM), Joint Air-to-Surface Standoff Missile (JASSM), Long-Range Anti-Ship Missile (LRASM), Hellfire, Joint Air-to-Ground Missile (JAGM), Javelin, Apache fire control system, Sniper Advanced Targeting Pod (SNIPER ® ), Infrared Search and Track (IRST21 ® ), Special Operations Forces Global Logistics Support Services (SOF GLSS), and hypersonics programs.",9,4,base=3 (filing mentions=9); amplifiers=1; dampeners=0,LMT_risk_factors.txt,,False,high,"Sentence is a product listing describing missile and defense systems programs; 'strike' appears in product names (Precision Strike Missile, Joint Air-to-Surface Standoff Missile) not labor/workforce context",
Lockheed Martin,LMT,2026,1/29/2026,Manufacturing & Production Risk,Workforce / Labor,strike,"The increase was primarily attributable to higher sales of approximately $1.4 billion for tactical and strike missile programs due to increased volume (primarily JASSM, LRASM, Guided Multiple Launch Rocket System (GMLRS) and PrSM); and about $450 million for integrated air and missile defense programs due to increased volume (primarily existing PAC-3 contracts).",9,3,base=3 (filing mentions=9); amplifiers=0; dampeners=0,LMT_risk_factors.txt,,False,high,"The word 'strike' refers to 'strike missile programs' (a product type/capability), not workforce strikes or labor disruptions. This is a product description discussing sales volume increases.",
Lockheed Martin,LMT,2026,1/29/2026,Manufacturing & Production Risk,Workforce / Labor,strike,"Additionally, we continue to see international demand for our tactical and strike missile products and fire control systems, where we received orders for 31 Table of Contents precision fire systems, Hellfire, and for Joint Air-to-Surface Standoff Missile (JASSM) from multiple nations, and for our Apache fire control system from Poland.",9,3,base=3 (filing mentions=9); amplifiers=0; dampeners=0,LMT_risk_factors.txt,,False,high,"The word 'strike' refers to strike missile products (tactical weapons), not labor strikes or workforce risks. This is a product description in a business context.",
Lockheed Martin,LMT,2026,1/29/2026,Manufacturing & Production Risk,Workforce / Labor,union,"Over the last few years, we have negotiated similar changes with various labor organizations such that new union represented employees do not participate in our defined benefit pension plans.",1,1,base=1 (filing mentions=1); amplifiers=0; dampeners=0,LMT_risk_factors.txt,,False,high,"Sentence describes past mitigation actions regarding pension benefits for new union employees, not an ongoing workforce or labor risk",
Lockheed Martin,LMT,2026,1/29/2026,Technology & Cyber Risk,Cybersecurity,cybersecurity,"Our defense, space, intelligence, homeland security, information technology, and cybersecurity capabilities serve U.S. and international customers in defense, civil and commercial applications.",1,1,base=1 (filing mentions=1); amplifiers=0; dampeners=0,LMT_risk_factors.txt,,False,high,"Product/capability listing - describes what services the company offers to customers, not a risk the company faces",
Lockheed Martin,LMT,2026,1/29/2026,Technology & Cyber Risk,Intellectual Property,intellectual property,"The increase in other income, net in 2025 resulted primarily from an intellectual property license arrangement and the Commercial Engine Solutions divestiture net working capital true-up.",1,1,base=1 (filing mentions=1); amplifiers=0; dampeners=0,LMT_risk_factors.txt,,False,high,"Sentence describes positive income from an intellectual property license arrangement and divestiture settlement, not a risk or vulnerability",
Intuitive Machines,LUNR,2026,3/19/2026,Export Control & Regulatory,Export Control,EAR,Department of State (“ITAR”) and the Export Administration Regulations (“EAR”).,4,2,base=2 (filing mentions=4); amplifiers=0; dampeners=0,LUNR_risk_factors.txt,,False,high,Definitional sentence merely naming regulatory frameworks without describing actual risk impact,
Intuitive Machines,LUNR,2026,3/19/2026,Export Control & Regulatory,Technology & Innovation Risk,government regulation,"The rapid evolution of AI, including potential government regulation of AI, will require significant resources to develop, test and maintain our platform, offerings, services, and features to help us implement AI ethically in order to minimize unintended, harmful impact.",2,3,base=2 (filing mentions=2); amplifiers=1; dampeners=0,LUNR_risk_factors.txt,,False,high,"This sentence describes AI regulation and development resource requirements, not supply chain or export control regulatory compliance risks",Technology & Innovation Risk
Intuitive Machines,LUNR,2026,3/19/2026,Technology & Cyber Risk,Intellectual Property,intellectual property,"We enter into confidentiality agreements and invention or work product assignment agreements with our employees, suppliers, and consultants to protect, control access to, and clarify ownership of, our proprietary information and other intellectual property.",12,4,base=4 (filing mentions=12); amplifiers=0; dampeners=0,LUNR_risk_factors.txt,,False,high,"Describes mitigation controls the company has implemented (confidentiality agreements, assignment agreements) rather than expressing a vulnerability or risk",
Intuitive Machines,LUNR,2026,3/19/2026,Technology & Cyber Risk,Intellectual Property,intellectual property,"We rely upon a combination of patents, trademarks, unpatented trade secrets, unpatented know-how, copyrights, license agreements, confidentiality procedures, contractual commitments and other legal rights to establish and protect our intellectual property.",12,4,base=4 (filing mentions=12); amplifiers=0; dampeners=0,LUNR_risk_factors.txt,,False,high,"Describes protective measures and methods the company uses to safeguard IP, not a vulnerability or risk to supply chain operations",
Momentus,MNTS,2026,3/31/2026,Geopolitical Risk,Geopolitical,war,"Factors affecting the trading price of our Class A common stock and warrants may include: • actual or anticipated fluctuations in our quarterly financial results or the quarterly financial results of companies perceived to be similar to us; • changes in the market’s expectations about our operating results; 32 Table of Contents • the public’s reaction to our press releases, our other public announcements and our filings with the SEC; • speculation in the press or investment community; • actual or anticipated developments in our business or our competitors’ businesses or the competitive landscape generally; • our operating results failing to meet the expectation of securities analysts or investors in a particular period; • changes in financial estimates and recommendations by securities analysts concerning us or the market in general; • operating and stock price performance of other companies that investors deem comparable to us; • publications of research reports by securities analysts about us, our competitors, or the space industry; • changes in laws and regulations affecting our business; • commencement of, or involvement in, litigation involving us; • changes in our capital structure, such as future issuances of securities or the incurrence of additional debt; • the volume of Class A common stock available for public sale; • any major change in our board of directors or management; • sales of substantial amounts of Class A common stock by directors, officers or significant stockholders or the perception that such sales could occur; • general economic and political conditions such as recessions, interest rates, fuel prices, trade wars, pandemics, epidemics, currency fluctuations and acts of war or terrorism; and • other risk factors listed under this “ Risk Factors ” section.",3,4,base=2 (filing mentions=3); amplifiers=3; dampeners=0,MNTS_risk_factors.txt,,False,high,"This sentence is about factors affecting stock price volatility, not supply chain risk. The mention of 'acts of war' is in a boilerplate list of general market conditions that could impact stock trading, not a description of supply chain vulnerabilities.",
Momentus,MNTS,2026,3/31/2026,Geopolitical Risk,Regulatory & Compliance Risk,sanctions,"These requirements include, for example: • specialized disclosure and accounting requirements unique to government contracts; • financial and compliance audits that may result in potential liability for price adjustments, recoupment of government funds after such funds have been spent, civil and criminal penalties, or administrative sanctions such as suspension or debarment from doing business with the U.S. government; • public disclosures of certain contract and company information; and • mandatory socioeconomic compliance requirements, including labor requirements, non-discrimination and affirmative action programs and environmental compliance requirements.",4,1,base=2 (filing mentions=4); amplifiers=0; dampeners=3,MNTS_risk_factors.txt,,False,high,"The sentence discusses administrative sanctions (suspension/debarment) as consequences of government contract non-compliance, not geopolitical sanctions affecting supply chain",Regulatory & Compliance Risk
Momentus,MNTS,2026,3/31/2026,Export Control & Regulatory,Financial & Market Risk,suspension,"There can be no assurance that the Company will be able to maintain compliance with the Equity Rule, the Minimum Bid Price Requirement, the Periodic Reporting Requirement, or other applicable Nasdaq listing rules, that the Company will be able to successfully implement a reverse stock split if it decides to pursue one, that the Panel will grant any future request from the Company for a suspension of delisting on Nasdaq, or that the Company’s appeal of a delisting determination will be successful.",9,2,base=3 (filing mentions=9); amplifiers=0; dampeners=1,MNTS_risk_factors.txt,,False,high,"The sentence discusses stock market listing compliance risks (Nasdaq requirements, reverse stock split, delisting), not supply chain or regulatory compliance risks related to export controls or operations. The keyword 'suspension' refers to suspension of delisting procedures, not operational or regulatory suspension.",Financial & Market Risk
Momentus,MNTS,2026,3/31/2026,Manufacturing & Production Risk,Quality / Defect,quality assurance,"Our success depends, in significant part, on the continued services of our senior management team and on our ability to attract, motivate, develop and retain a sufficient number of other skilled personnel, manufacturing and quality assurance, engineering, design, finance, marketing, sales and support personnel.",1,2,base=1 (filing mentions=1); amplifiers=1; dampeners=0,MNTS_risk_factors.txt,,False,high,"This is a human resources/talent retention risk, not a supply chain or manufacturing quality risk. The keyword 'quality assurance' appears in a list of personnel types the company needs to attract and retain, not in the context of actual quality control processes or defect management.",
Momentus,MNTS,2026,3/31/2026,Manufacturing & Production Risk,Workforce / Labor,union,"On November 3, 2020, voters passed the California Privacy Rights Act, which builds upon the CCPA and expands consumer privacy rights to more closely align with the European Union’s General Data Protection Regulation (the “GDPR”) discussed below.",1,1,base=1 (filing mentions=1); amplifiers=0; dampeners=0,MNTS_risk_factors.txt,,False,high,"Keyword 'union' refers to the European Union as a proper noun/geographic entity in the context of data privacy regulations, not workforce/labor union risks",
Momentus,MNTS,2026,3/31/2026,Manufacturing & Production Risk,Workforce / Labor,attrition,"Furthermore, any loss of key personnel, employee attrition or material erosion of employee morale arising out of doubts about our ability to operate as a going concern could have a material adverse effect on our ability to effectively conduct our business and could impair our ability to execute our strategy and implement our business objectives, thereby having a material adverse effect on our business, financial condition, and results of operations.",3,4,base=2 (filing mentions=3); amplifiers=7; dampeners=0,MNTS_risk_factors.txt,,False,high,"Employee attrition relates to general workforce retention risk, not supply chain risk. This describes internal talent management challenges and going concern doubts affecting the company's operations broadly, not supply chain vulnerabilities or dependencies.",
Momentus,MNTS,2026,3/31/2026,Technology & Cyber Risk,Intellectual Property,intellectual property,"Momentus faces now and expects to face in the future risks and challenges related to our ability to: • raise additional funding; • forecast revenue and budget for and manage expenses; • attract new customers and retain existing customers; • effectively manage growth and business operations, including planning for and managing capital expenditures for current and future vehicles and services, and managing the supply chain and supplier relationships related to current and future vehicles and services; • comply with existing and new or modified laws and regulations applicable to our business, including export control regulations; • anticipate and respond to macroeconomic changes and changes in the markets in which we operate; • maintain and enhance the value of our reputation and brand; • develop and protect intellectual property; and • integrate and retain talented people at all levels of our organization.",28,5,base=5 (filing mentions=28); amplifiers=0; dampeners=0,MNTS_risk_factors.txt,,False,high,Bullet point list of generic business challenges without substantive detail; intellectual property mentioned as operational capability goal rather than as a specific risk or vulnerability,
Northrop Grumman,NOC,2026,1/27/2026,Technology & Cyber Risk,Regulatory & Compliance Risk,cybersecurity,"New laws or other requirements, or changes to existing ones (including, for example, related to cybersecurity, information and data protection, cost accounting, environment, sustainability, securities, competition, compensation costs, employment, taxes, counterfeit parts, pensions, use of certain non-US equipment or acquisitions more broadly), can significantly increase our costs (including compliance costs) and risks, create operational challenges, potentially limit our ability to return cash to shareholders, reduce our profitability and/or adversely affect our competitiveness.",7,3,base=3 (filing mentions=7); amplifiers=1; dampeners=1,NOC_risk_factors.txt,,False,high,Generic regulatory compliance risk mentioning cybersecurity as one of many examples; does not describe a specific cybersecurity threat or vulnerability,Regulatory & Compliance Risk
Northrop Grumman,NOC,2026,1/27/2026,Technology & Cyber Risk,Cybersecurity,cybersecurity,"We are or may become subject to legal proceedings globally (including criminal, civil and administrative) and across a broad array of matters, including, but not limited to, government contracts; cost accounting; financial accounting and reporting; false statements or claims; cybersecurity; and pension accounting and other employee benefit plan matters.",7,3,base=3 (filing mentions=7); amplifiers=0; dampeners=0,NOC_risk_factors.txt,,False,high,Generic legal disclaimer listing potential areas of litigation without describing actual cybersecurity vulnerabilities or supply chain risks,
Northrop Grumman,NOC,2026,1/27/2026,Technology & Cyber Risk,Cybersecurity,cybersecurity,"We endeavor to obtain insurance from financially stable, responsible, highly rated counterparties in established markets to cover significant risks and liabilities (including, for example, natural disasters, space launches and on-orbit operations, cybersecurity, hazardous operations, energetics and products liability).",7,4,base=3 (filing mentions=7); amplifiers=1; dampeners=0,NOC_risk_factors.txt,,False,high,Sentence describes risk mitigation strategy (obtaining insurance) rather than expressing the cybersecurity risk itself,
Northrop Grumman,NOC,2026,1/27/2026,Technology & Cyber Risk,Intellectual Property,intellectual property,"• We may not be able to adequately protect and fully exploit our intellectual property rights or obtain necessary rights to intellectual property of others, which could materially and adversely affect our ability to compete and perform on contracts, and have a material adverse effect on our reputation and our financial position, results of operations and/or cash flows.",23,5,base=5 (filing mentions=23); amplifiers=3; dampeners=0,NOC_risk_factors.txt,,False,high,"This is an intellectual property protection risk, not a supply chain risk. It concerns the company's ability to protect its own IP and obtain rights to others' IP for competitive purposes, not supply chain vulnerabilities or dependencies.",
Planet Labs,PL,2026,3/23/2026,Geopolitical Risk,Market/Financial Risk,political instability,"The price of our Class A common stock, as well as any outstanding warrants, may fluctuate due to a variety of factors, including: • changes in the industries in which we and our customers operate; • any disruptions or delays in the launch and deployment of our satellites or our customers’ satellites; • any damage or impairment to our constellation of satellites; • developments involving our competitors; • changes in laws and regulations affecting our business; • variations in our operating performance and the performance of our competitors in general; • actual or anticipated fluctuations in our quarterly or annual operating results; • publication of research reports by securities analysts about us or our competitors or our industry; • the public’s reaction to our press releases, our other public announcements and our filings with the SEC; • actions by stockholders, including the sale of any of their shares of our Class A common stock; • short selling of our Class A common stock; • the publication of analyst or industry coverage or short seller reports regarding our business; • additions and departures of key personnel; • commencement of, or involvement in, litigation involving the combined company; • changes in our capital structure, such as future issuances of securities (including in connection with an acquisition or upon conversion of some or all of the outstanding 2030 Notes) or the incurrence of additional debt; • the volume of shares of our Class A common stock available for public sale; • general economic and political conditions, such as the effects of national and global health concerns, recessions, interest rates, inflation, local and national elections, the effects of bank or financial institution failures, fuel prices, tariffs, international currency fluctuations and corruption; and • acts of terrorism, war or political instability, both domestically and internationally, changes in laws and regulations, or the imposition of economic or trade sanctions affecting international commercial transactions.",2,3,base=2 (filing mentions=2); amplifiers=1; dampeners=0,PL_risk_factors.txt,,False,high,"This is a stock price volatility risk factor, not a supply chain risk. While it mentions 'political instability' as one of many factors that could affect stock price, it does not describe how political instability would impact the company's supply chain, operations, or business continuity.",Market/Financial Risk
Planet Labs,PL,2026,3/23/2026,Export Control & Regulatory,Export Control,ITAR,"Department of Commerce, Bureau of Industry and Security (“BIS”); the International Traffic in Arms Regulations (“ITAR”) maintained by the U.S.",2,2,base=2 (filing mentions=2); amplifiers=0; dampeners=0,PL_risk_factors.txt,,False,high,Definitional sentence identifying regulatory agencies and frameworks without expressing actual risk,
Planet Labs,PL,2026,3/23/2026,Export Control & Regulatory,Export Control,ITAR,International Traffic in Arms Regulations (“ITAR”) and the U.S.,2,2,base=2 (filing mentions=2); amplifiers=0; dampeners=0,PL_risk_factors.txt,,False,high,Definitional sentence - merely mentions ITAR as a regulation without describing actual risk or impact,
Planet Labs,PL,2026,3/23/2026,Export Control & Regulatory,Export Control,International Traffic in Arms,"Department of Commerce, Bureau of Industry and Security (“BIS”); the International Traffic in Arms Regulations (“ITAR”) maintained by the U.S.",2,2,base=2 (filing mentions=2); amplifiers=0; dampeners=0,PL_risk_factors.txt,,False,high,Definitional sentence listing regulatory bodies and regulations without describing actual risk or impact,
Planet Labs,PL,2026,3/23/2026,Export Control & Regulatory,Export Control,International Traffic in Arms,International Traffic in Arms Regulations (“ITAR”) and the U.S.,2,2,base=2 (filing mentions=2); amplifiers=0; dampeners=0,PL_risk_factors.txt,,False,high,Definitional fragment identifying a regulation acronym without expressing actual risk,
Planet Labs,PL,2026,3/23/2026,Material & Component Shortage,Inflation / Cost Pressure,inflation,"The price of our Class A common stock, as well as any outstanding warrants, may fluctuate due to a variety of factors, including: • changes in the industries in which we and our customers operate; • any disruptions or delays in the launch and deployment of our satellites or our customers’ satellites; • any damage or impairment to our constellation of satellites; • developments involving our competitors; • changes in laws and regulations affecting our business; • variations in our operating performance and the performance of our competitors in general; • actual or anticipated fluctuations in our quarterly or annual operating results; • publication of research reports by securities analysts about us or our competitors or our industry; • the public’s reaction to our press releases, our other public announcements and our filings with the SEC; • actions by stockholders, including the sale of any of their shares of our Class A common stock; • short selling of our Class A common stock; • the publication of analyst or industry coverage or short seller reports regarding our business; • additions and departures of key personnel; • commencement of, or involvement in, litigation involving the combined company; • changes in our capital structure, such as future issuances of securities (including in connection with an acquisition or upon conversion of some or all of the outstanding 2030 Notes) or the incurrence of additional debt; • the volume of shares of our Class A common stock available for public sale; • general economic and political conditions, such as the effects of national and global health concerns, recessions, interest rates, inflation, local and national elections, the effects of bank or financial institution failures, fuel prices, tariffs, international currency fluctuations and corruption; and • acts of terrorism, war or political instability, both domestically and internationally, changes in laws and regulations, or the imposition of economic or trade sanctions affecting international commercial transactions.",7,4,base=3 (filing mentions=7); amplifiers=1; dampeners=0,PL_risk_factors.txt,,False,high,"This sentence lists general market and economic factors that may affect stock price, not supply chain risks. Inflation is mentioned as one of many macroeconomic conditions affecting stock valuation, not as a supply chain cost pressure.",
Planet Labs,PL,2026,3/23/2026,Manufacturing & Production Risk,Production Capacity,manufacturing capacity,"We have experienced rapid growth and demand for our offerings since inception and intend to continue to invest in our business to sustain our growth, including with respect to the development of our offerings and satellites, expansion of our satellite manufacturing capacity in the U.S. and abroad and general administration, including, legal, finance and other compliance expenses related to our business.",2,1,base=2 (filing mentions=2); amplifiers=0; dampeners=1,PL_risk_factors.txt,,False,high,"Sentence describes planned investments and expansion of manufacturing capacity as part of growth strategy, not a risk or vulnerability",
Planet Labs,PL,2026,3/23/2026,Manufacturing & Production Risk,Production Capacity,manufacturing capacity,"In particular, we intend to continue to expend significant funds to further develop our platform and solutions, build and launch additional satellites, scale satellite manufacturing capacity, expand our data analytics capabilities, and to consider strategic acquisitions, which may cause us to incur significant acquisition costs.",2,4,base=2 (filing mentions=2); amplifiers=2; dampeners=0,PL_risk_factors.txt,,False,high,Sentence describes planned capital expenditures and strategic initiatives rather than expressing a risk or vulnerability related to manufacturing capacity constraints or limitations,
Planet Labs,PL,2026,3/23/2026,Manufacturing & Production Risk,Workforce / Labor,strike,"The Capped Call Transactions are expected generally to reduce the potential dilution to our Class A common stock upon any conversion of the 2030 Notes and/or offset any cash payments we are required to make in excess of the principal amount of such converted 2030 Notes, as the case may be, in the event that the market price per share of the Class A common stock, as measured under the terms of the Capped Call Transactions, is greater than the strike price of the Capped Call Transactions, with such reduction and/or offset subject to a cap.",1,2,base=1 (filing mentions=1); amplifiers=1; dampeners=0,PL_risk_factors.txt,,False,high,"The term 'strike' refers to 'strike price' in a financial derivatives context (Capped Call Transactions), not labor strikes or workforce risks",
Planet Labs,PL,2026,3/23/2026,Manufacturing & Production Risk,Workforce / Labor,union,Department of the Treasury’s Office of Foreign Assets Control (“OFAC”) and similar laws of the European Union and other jurisdictions in which we operate. 48 Table of Contents International trade laws and regulations continuously evolve to address technological developments and changes in geopolitical conditions.,3,2,base=2 (filing mentions=3); amplifiers=0; dampeners=0,PL_risk_factors.txt,,False,high,"The keyword 'union' appears only as part of the proper noun 'European Union' in a context describing international trade law jurisdictions, not as a labor union representing workforce/labor risks",
Planet Labs,PL,2026,3/23/2026,Manufacturing & Production Risk,Regulatory & Compliance Risk,union,"For example, a draft European Union (“EU”) Space Act was released in June 2025 that would regulate third-country providers of space-based data and services into the EU, potentially requiring new registrations, fees, and compliance with new substantive technical obligations.",3,1,base=2 (filing mentions=3); amplifiers=0; dampeners=1,PL_risk_factors.txt,,False,high,"European Union is a proper noun referring to a geopolitical entity, not a labor union. Sentence describes regulatory risk, not workforce/labor risk.",Regulatory & Compliance Risk
Planet Labs,PL,2026,3/23/2026,Manufacturing & Production Risk,Regulatory & Compliance Risk,union,The use of radio frequency spectrum for satellite communications and the use of orbital positions internationally is subject to the rules and requirements of the International Telecommunication Union (“ITU”).,3,2,base=2 (filing mentions=3); amplifiers=0; dampeners=0,PL_risk_factors.txt,,False,high,"ITU (International Telecommunication Union) is a proper noun referring to a regulatory organization, not a labor union. This is about regulatory compliance for spectrum usage, not workforce/labor risk.",Regulatory & Compliance Risk
Planet Labs,PL,2026,3/23/2026,Manufacturing & Production Risk,Customer/Market Risk,attrition,"If we are unable to attract new customers in numbers sufficient to grow our business, or if we suffer attrition among customers, our revenue may decrease, and our operating results will be adversely affected.",1,3,base=1 (filing mentions=1); amplifiers=2; dampeners=0,PL_risk_factors.txt,,False,high,"Attrition refers to customer attrition (loss of customers), not workforce/labor attrition. This is a market/revenue risk, not a supply chain or manufacturing risk.",Customer/Market Risk
Planet Labs,PL,2026,3/23/2026,Technology & Cyber Risk,Cybersecurity,cybersecurity,"Any failure or perceived failure by us to comply with laws, regulations, our privacy policies, contractual or other actual or asserted obligations, including industry standards or codes of conduct, relating to privacy, data protection, cybersecurity, or the protection, storage, use, retention, capture, or other processing of data, including personal information or other data relating to individuals, may result in claims, demands, and litigation by private parties, governmental inquiries, enforcement actions, and other proceedings, fines, penalties, or other liabilities, public statements against us by consumer advocacy groups or others, a loss of trust in us by our customers, reduction in demand for our offerings, and other harm to our reputation and market position, any of which could have a material and adverse effect on our reputation, business, financial condition, and results of operations.",13,5,base=4 (filing mentions=13); amplifiers=5; dampeners=0,PL_risk_factors.txt,,False,high,"This describes general cybersecurity and data protection compliance risks, not supply chain risks. The sentence focuses on regulatory compliance, privacy obligations, and reputational impacts rather than supply chain vulnerabilities, dependencies, or operational continuity issues.",
Planet Labs,PL,2026,3/23/2026,Technology & Cyber Risk,Intellectual Property,intellectual property,"These risks include the following: Risks Related to Our Business and Industry • our limited operating history; • our history of losses and uncertainty about future profitability; • the evolution of the markets for our offerings; • our ability to compete effectively in intensely competitive markets; • our ability to attract new customers in a cost-effective manner; • our ability to manage our international operations; • our ability to successfully produce, launch, commission, operate and maintain our satellites and our customers’ and related infrastructure on suitable timelines to our customers; • the impact of satellite and infrastructure related failures; • our ability to develop new offerings and enhancements that achieve market acceptance; • our reliance on contracts with large enterprises and U.S. and foreign governmental entities; • the impact of disruptions in the U.S. government’s operations and funding; • our partial dependency on partnerships and resellers of our imagery; • the impact of macroeconomic and geopolitical uncertainties, including trade tensions and tariffs; • our reliance on a limited number of suppliers and our ability to establish new supply relationships; • our ability to price our offerings effectively; • our ability to hire, integrate and retain highly skilled personnel; • the effectiveness of actions to develop and expand our sales and marketing capabilities; • issues in the use of AI in our business; • the impact of climate change; Risks Related to Our Cyber Security, Data Privacy and Intellectual Property • our or our third-party service providers' ability to protect against cybersecurity related attacks; • our ability to protect our intellectual property; • any legal proceedings or claims against us relating to intellectual property; • our use of open source software; • our use of data relating to individuals; • our policies regarding customer confidential information; Risks Related to Financial, Accounting, and Tax Matters • our ability to raise capital; 11 Table of Contents • changes in tax rules and regulations; • our ability to use our net operating losses; • the accuracy of our key metrics, and assumptions and estimates used to calculate them; • changes in accounting standards that may cause adverse financial reporting fluctuations; • the accuracy of our estimates and judgments related to our critical accounting policies; • changes in our investment portfolio; • exposure to foreign currency exchange rate fluctuations; Risks Related to Legal and Regulatory Matters • our ability to operate in a highly regulated industry and obtain and maintain required government licenses and other authorizations, including those necessary to launch and operate space and ground infrastructure for ourselves and for our customers; • our ability to adapt to legislative and regulatory changes that affect our business • our ability to comply with the National Industrial Security Program Operating Manual; • our ability to comply with anti-corruption, anti-bribery, anti-money laundering, and similar laws; • our ability to comply with international trade and governmental export and import controls and economic sanctions laws and regulations; • failure to comply with governmental laws and regulations; Additional Risks Related to Ownership of Our Securities and Operating as a Public Company • volatility of the trading price of our securities; • the multi-class structure of our common stock; • securities or industry analysts changing their recommendations regarding our Class A common stock; • anti-takeover provisions contained in our governing documents and the exclusive forum provision in our certificate of incorporation; and • our status as a Delaware public benefit corporation.",36,5,base=5 (filing mentions=36); amplifiers=4; dampeners=0,PL_risk_factors.txt,,False,high,"This is a table of contents listing risk categories, not a substantive risk description. It merely mentions 'our ability to protect our intellectual property' as a bullet point without explaining the actual vulnerability or threat.",
Redwire Corporation,RDW,2026,2/27/2026,Geopolitical Risk,Government Policy and Regulatory Risk,armed conflict,"Further, there is a possibility that political decisions made by the U.S. government, such as changes in prior military commitments, including in response to the armed conflict in Ukraine or the Middle East, or an impasse on policy issues, could impact future spending and program authorizations, which may not increase or may decrease or shift to programs in areas in which we do not provide products or services or are less likely to be awarded contracts.",2,2,base=2 (filing mentions=2); amplifiers=0; dampeners=0,RDW_risk_factors.txt,,False,high,"Risk relates to government spending and contract awards due to political decisions around armed conflicts, not to supply chain vulnerabilities or operational dependencies",Government Policy and Regulatory Risk
Redwire Corporation,RDW,2026,2/27/2026,Geopolitical Risk,Geopolitical,war,"Factors affecting the trading price of our common stock may include: • actual or anticipated fluctuations in our quarterly financial results or the quarterly financial results of companies perceived to be similar to it; • changes in the market’s expectations about our operating results; • success of competitors; • our operating results failing to meet market expectations in a particular period; Page 36 • changes in financial estimates and recommendations or comments by securities analysts or other third parties concerning us or the aerospace and defense industry and market in general; • future announcements or press coverage concerning our business or our competitors’ businesses and the public’s reaction to such announcements, press coverage or releases, and filings with the SEC; • operating and stock price performance of other companies that investors deem comparable to us; • the size of our public float; • “short squeezes” and meme-like trading of our common stock or the common equity of companies in our industry; • our ability to market new and enhanced products on a timely basis; • changes in laws and regulations affecting our business; • commencement of, or involvement in, litigation involving us; • changes in its capital structure, such as future issuances of securities or the incurrence of additional debt; • the volume of shares of common stock available for public sale; • any significant change in our board or management; • sales of substantial amounts of common stock by our directors, executive officers or significant shareholders or the perception that such sales could occur; and • general economic and political conditions such as recessions, interest rates, fuel prices, international currency fluctuations, tariff actions and acts of war or terrorism.",9,5,base=3 (filing mentions=9); amplifiers=3; dampeners=0,RDW_risk_factors.txt,,False,high,"This sentence lists factors affecting stock price volatility, not supply chain risks. 'War' appears in a generic list of macroeconomic factors that could impact trading price, not as a specific supply chain vulnerability.",
Redwire Corporation,RDW,2026,2/27/2026,Geopolitical Risk,Geopolitical,tariff,"Factors affecting the trading price of our common stock may include: • actual or anticipated fluctuations in our quarterly financial results or the quarterly financial results of companies perceived to be similar to it; • changes in the market’s expectations about our operating results; • success of competitors; • our operating results failing to meet market expectations in a particular period; Page 36 • changes in financial estimates and recommendations or comments by securities analysts or other third parties concerning us or the aerospace and defense industry and market in general; • future announcements or press coverage concerning our business or our competitors’ businesses and the public’s reaction to such announcements, press coverage or releases, and filings with the SEC; • operating and stock price performance of other companies that investors deem comparable to us; • the size of our public float; • “short squeezes” and meme-like trading of our common stock or the common equity of companies in our industry; • our ability to market new and enhanced products on a timely basis; • changes in laws and regulations affecting our business; • commencement of, or involvement in, litigation involving us; • changes in its capital structure, such as future issuances of securities or the incurrence of additional debt; • the volume of shares of common stock available for public sale; • any significant change in our board or management; • sales of substantial amounts of common stock by our directors, executive officers or significant shareholders or the perception that such sales could occur; and • general economic and political conditions such as recessions, interest rates, fuel prices, international currency fluctuations, tariff actions and acts of war or terrorism.",4,4,base=2 (filing mentions=4); amplifiers=3; dampeners=0,RDW_risk_factors.txt,,False,high,"This sentence lists general factors affecting stock price performance, not supply chain risks. Tariffs are mentioned briefly as one of many general economic conditions that could impact stock trading price, not as a specific supply chain vulnerability.",
Redwire Corporation,RDW,2026,2/27/2026,Geopolitical Risk,Market/Competitive Risk,china,"We may also face competition in the future from emerging low-cost competitors in Europe, India, Russia and China.",2,2,base=2 (filing mentions=2); amplifiers=0; dampeners=0,RDW_risk_factors.txt,,False,high,"China mentioned only in market competition context, not supply chain risk",Market/Competitive Risk
Redwire Corporation,RDW,2026,2/27/2026,Geopolitical Risk,Country Risk,russia,"We may also face competition in the future from emerging low-cost competitors in Europe, India, Russia and China.",1,1,base=1 (filing mentions=1); amplifiers=0; dampeners=0,RDW_risk_factors.txt,,False,high,"Sentence describes competitive market dynamics, not supply chain risk. Russia mentioned as location of potential competitors, not as source of supply chain dependency or disruption.",
Redwire Corporation,RDW,2026,2/27/2026,Export Control & Regulatory,Export Control,ITAR,"We have implemented compliance controls, training, policies and procedures designed to prevent and detect reckless or criminal acts from being committed by our employees, agents or business partners that would violate the laws of the jurisdictions in which we operate, including laws governing payments to government officials, such as the FCPA, the protection of export controlled or classified information, such as ITAR, false claims, procurement integrity, cost accounting and billing, competition, information security and data privacy and the terms of our contracts.",8,2,base=3 (filing mentions=8); amplifiers=0; dampeners=1,RDW_risk_factors.txt,,False,high,"Sentence describes implemented controls and compliance measures to mitigate risk, not an actual supply chain vulnerability or dependency",
Redwire Corporation,RDW,2026,2/27/2026,Export Control & Regulatory,Export Control,EAR,"The EAR and EU export controls similarly regulate the export of hardware, software and technology that has commercial or “dual-use” applications (i.e., for both military and commercial applications) or that have less sensitive military or space-related applications that are not subject to the ITAR.",4,2,base=2 (filing mentions=4); amplifiers=0; dampeners=0,RDW_risk_factors.txt,,False,high,"Definitional sentence explaining what EAR regulates, not describing an actual risk or vulnerability the company faces",
Redwire Corporation,RDW,2026,2/27/2026,Export Control & Regulatory,Securities & Investment Regulation,regulatory risk,"Regulatory Risk Factors Investments in us may be subject to U.S. foreign investment regulations which may impose conditions on or limit certain investors’ ability to purchase our common stock, potentially making our common stock less attractive to investors.",1,1,base=1 (filing mentions=1); amplifiers=0; dampeners=0,RDW_risk_factors.txt,,False,high,"This sentence discusses U.S. foreign investment regulations affecting investor ability to purchase stock, which is a capital markets/securities risk, not a supply chain risk. The term 'regulatory risk' is used in the context of investment restrictions, not operational or supply chain compliance.",Securities & Investment Regulation
Redwire Corporation,RDW,2026,2/27/2026,Export Control & Regulatory,Technology & Innovation Risk,government regulation,"The rapid evolution of AI, including potential government regulation of AI, will require significant resources to develop, test and maintain our platform, offerings, services, and features to help us implement AI ethically in order to minimize unintended, harmful impact, which may be costly and may not produce the benefits and results that we expect.",1,2,base=1 (filing mentions=1); amplifiers=1; dampeners=0,RDW_risk_factors.txt,,False,high,"This sentence describes AI regulation and development resource requirements, not supply chain or export control regulatory compliance risks",Technology & Innovation Risk
Redwire Corporation,RDW,2026,2/27/2026,Manufacturing & Production Risk,Trade & Regulatory Risk → Tariffs & Trade Barriers,union,"The current U.S. administration issued tariff actions on imports from a broad set of countries, including Canada, Mexico, European Union member states, Japan and China.",2,2,base=2 (filing mentions=2); amplifiers=0; dampeners=0,RDW_risk_factors.txt,,False,high,"The keyword 'union' appears as part of 'European Union', a proper noun referring to a political/economic entity, not labor unions or workforce risks. The sentence discusses tariffs, not manufacturing/production workforce issues.",Trade & Regulatory Risk → Tariffs & Trade Barriers
Redwire Corporation,RDW,2026,2/27/2026,Manufacturing & Production Risk,Regulatory & Compliance Risk → Export Controls,union,"Department of Commerce, and the European Union (“EU”) export controls.",2,2,base=2 (filing mentions=2); amplifiers=0; dampeners=0,RDW_risk_factors.txt,,False,high,"The keyword 'union' appears as part of the proper noun 'European Union (EU)' in the context of export controls, not as a labor union or workforce issue",Regulatory & Compliance Risk → Export Controls
Redwire Corporation,RDW,2026,2/27/2026,Technology & Cyber Risk,Cybersecurity,information security,"We have implemented compliance controls, training, policies and procedures designed to prevent and detect reckless or criminal acts from being committed by our employees, agents or business partners that would violate the laws of the jurisdictions in which we operate, including laws governing payments to government officials, such as the FCPA, the protection of export controlled or classified information, such as ITAR, false claims, procurement integrity, cost accounting and billing, competition, information security and data privacy and the terms of our contracts.",2,1,base=2 (filing mentions=2); amplifiers=0; dampeners=1,RDW_risk_factors.txt,,False,high,"Sentence describes implemented controls and compliance measures to mitigate risks, not an actual vulnerability or threat the company faces",
Redwire Corporation,RDW,2026,2/27/2026,Technology & Cyber Risk,Intellectual Property Risk,proprietary technology,"Our inability to protect our proprietary technology against unauthorized copying or use, as well as any costly litigation or diversion of our management’s attention and resources, could delay future sales and introductions of new capabilities, result in our substituting inferior or more costly technologies into our business, or injure our reputation.",1,2,base=1 (filing mentions=1); amplifiers=1; dampeners=0,RDW_risk_factors.txt,,False,high,"Intellectual property protection risk, not supply chain risk - focuses on IP theft/copying and litigation, not supply chain dependencies or disruptions",Intellectual Property Risk
Redwire Corporation,RDW,2026,2/27/2026,Technology & Cyber Risk,Intellectual Property,intellectual property,"Page 10 Risk Factors Summary Some of the principal risks that may impact our business and results of operations are listed below: Business and Industry Risks • our results could be affected by economic uncertainty, including high inflation, market volatility, and the potential worsening of macro-economic conditions; • geopolitical and macroeconomic events and conditions could adversely affect our business, financial condition and operating results; • tariffs may adversely affect demand for our products and services, and increase our manufacturing costs; • the failure of financial institutions or transactional counterparties could adversely affect our current and projected business operations and our financial condition and results of operations; • we operate in evolving industries, have a limited operating history since our acquisition of Edge Autonomy and have a history of losses to date, which makes it difficult to evaluate our future prospects and the risks and challenges we may encounter; • if we are unable to successfully integrate recently completed and future acquisitions, including the recent acquisition of Edge Autonomy or successfully select, execute or integrate future acquisitions into the business and realize anticipated synergies and benefits or do so within the expected timeframe, our operations and financial condition could be materially and adversely affected; • our ability to grow our business depends on the successful development and continued refinement of our proprietary technologies, products, and service offerings; • competition with existing or new companies could cause downward pressure on prices, fewer customer orders, reduced margins, the inability to take advantage of new business opportunities, and the loss of market share; • a limited number of customers make up a high percentage of our revenue; • we may become involved in litigation from time to time that may materially adversely affect us; • natural disasters, geopolitical conflicts, or other natural or man-made catastrophic events could disrupt and impact our business; • adverse publicity stemming from any incident involving Redwire or our competitors could have a material adverse effect on our business, financial condition and results of operations; • our business involves significant risks and uncertainties that may not be covered by insurance or indemnity; • our business could be seriously harmed if we fail to respond to commercial industry cycles in terms of our cost structure, manufacturing capacity, and/or personnel needs; • customers are unwilling to adopt our core offerings; • any delays in the development, design, engineering and manufacturing of our core offerings may adversely impact our business, financial condition and results of operations; • unsatisfactory performance of our core offerings could have a material adverse effect on our business, financial condition and results of operations; • our results of operations and cash flows are substantially affected by our mix of fixed-price, cost-plus and time-and-material type contracts; • our cash flow and profitability could be reduced if expenditures are incurred prior to the final receipt of a contract; • we may in the future invest significant resources in developing new offerings and exploring the application of our technologies for other uses and those opportunities may never materialize; • we may not be able to convert our orders in backlog into revenue; • we have and in the future may continue to use AI in our business, and challenges with properly managing its use could result in reputational harm, competitive harm, and legal liability, and adversely affect our business, financial condition and results of operations; • our reliance on third-party launch vehicles to launch our spacecraft and customer payloads into space; • we may experience a total loss of our technology and products and our customers’ payloads, if there is an accident on launch or during the journey into space; • our operating results may fluctuate significantly, which makes our future operating results difficult to predict and could cause our operating results to fall below expectations or any guidance that we may provide; • our margins and operating results may suffer if we experience unfavorable changes in the proportion of cost-plus-fee or fixed-price contracts in our total contract mix; • our systems, products, technologies and services and related equipment may have shorter useful lives than we anticipate; • cyber-attacks and other security threats and disruptions could have a material adverse effect on our business, financial condition and results of operations; Page 11 • our business, financial condition and results of operations are subject to risks resulting from broader geographic operations; • our net earnings and our net assets could be materially affected by an impairment of goodwill; • our ability to use net operating loss carryforwards and certain other tax attributes may be limited; Government Contract Risks • we are subject to the requirements of the National Industrial Security Program Operating Manual (“NISPOM”) for our facility security clearance, which is a prerequisite to our ability to perform on classified contracts for the U.S. government; • the U.S. government’s budget deficit and the national debt, as well as any inability of the U.S. government to complete its budget process for any government fiscal year and any resulting future government shutdowns, could have an adverse impact on our business; • we depend significantly on U.S. government contracts, which often are only partially funded, subject to immediate termination, and heavily regulated and audited; • disputes with our subcontractors or the inability of our subcontractors to perform, or our key suppliers to timely deliver our components, parts or services, could cause our core offerings to be produced or delivered in an untimely or unsatisfactory manner; Regulatory Risks • investments in us may be subject to U.S. foreign investment regulations, which may impose conditions on or limit certain investors’ ability to purchase our common stock, potentially making our common stock less attractive to investors; • we are subject to stringent U.S. economic sanctions, and trade control laws and regulations, as well as risks related to doing business in other countries, including those related to tariffs, trade restrictions and government actions; • our business is subject to a wide variety of additional extensive and evolving government laws and regulations and failure to comply with such laws and regulations could have a material adverse effect on our business; • our reputation and ability to do business may be impacted by the improper conduct of our employees, agents or business partners; • failure to comply with federal, state and foreign laws and regulations relating to privacy, data protection and consumer protection, or the expansion of current or the enactment of new laws or regulations relating to privacy, data protection and consumer protection, could adversely affect our business and our financial condition; • we are subject to environmental regulation and may incur substantial costs; • changes in tax laws or regulations may increase tax uncertainty and adversely affect results of our operations and our effective tax rate; • if we fail to adequately protect our intellectual property rights or defend against intellectual property claims, our competitive position could be impaired and our intellectual property applications for registration may not be issued or be registered; • our technology may violate the proprietary rights of third parties, which could have a negative impact on our operations; Risks Related to Financing and the Ownership of our Securities • we may require substantial additional funding to finance our operations, but adequate additional financing may not be available when we need it, on acceptable terms or at all; • the acquisition of Edge Autonomy (the “Edge Acquisition”) and issuance and sale of shares of our Series A Convertible Preferred Stock has reduced the relative voting power of holders of our common stock and diluted the ownership of holders of our capital stock; • AEI holds a majority of the voting power of our Board of Directors (the “Board”) and has significant influence over us, which could limit other investors’ ability to influence the outcome of key transactions; • provisions in the Certificate of Designation related to our Series A Convertible Preferred Stock may delay or prevent our acquisition by a third party, which could also reduce the market price of our capital stock; • our Series A Convertible Preferred Stock has rights, preferences and privileges that are not held by, and are preferential to, the rights of holders of our other outstanding capital stock; • there may be sales of a substantial amount of our common stock by our current shareholders and these sales could cause the price of our common stock to fall; Risks Related to Being a Public Company • we may not be able to remain in compliance with the continued listing requirements of the NYSE • we may issue additional common stock or other equity securities which could dilute our shareholders’ ownership interests; • the trading price of our common stock is and may continue to be volatile; and Page 12 • we have identified material weaknesses in internal control over reporting.",27,5,base=5 (filing mentions=27); amplifiers=42; dampeners=1,RDW_risk_factors.txt,,False,high,This is a risk factors summary/table of contents listing multiple risks across different categories. The intellectual property mention is part of a bulleted list format and does not provide substantive detail about the actual IP risk or its supply chain implications.,
Redwire Corporation,RDW,2026,2/27/2026,Technology & Cyber Risk,Intellectual Property,trade secret,"While our intellectual property rights in the aggregate are important to our operations, we do not believe any particular trade secret, patent, trademark, copyright, license, or other intellectual property right is of such importance that its loss, expiration or termination would have a material effect on our business.",2,4,base=2 (filing mentions=2); amplifiers=3; dampeners=0,RDW_risk_factors.txt,,False,high,Statement explicitly minimizes IP risk by asserting no single intellectual property right (including trade secrets) would have material effect on business - this is a risk mitigation/dismissal statement rather than a genuine risk expression,
Rocket Lab USA,RKLB,2026,2/26/2026,Manufacturing & Production Risk,Workforce / Labor,union,Radio communications for launch activities and spacecraft operations require licenses from the Federal Communications Commission and/or New Zealand Radio Spectrum Management and frequency coordination with the International Telecommunication Union.,5,3,base=3 (filing mentions=5); amplifiers=0; dampeners=0,RKLB_risk_factors.txt,,False,high,"The keyword 'union' refers to 'International Telecommunication Union' (a proper noun/named entity), not workforce/labor union issues. The sentence discusses regulatory licensing requirements for radio communications, not supply chain or labor risks.",
Rocket Lab USA,RKLB,2026,2/26/2026,Manufacturing & Production Risk,Trade Policy & Tariffs,union,"Further tariffs with respect to other countries, in particular the European Union, could be on the horizon.",5,3,base=3 (filing mentions=5); amplifiers=0; dampeners=0,RKLB_risk_factors.txt,,False,high,"The keyword 'union' appears as part of the proper noun 'European Union' referring to a political entity in a trade/tariff context, not workforce or labor union risk",Trade Policy & Tariffs
Rocket Lab USA,RKLB,2026,2/26/2026,Technology & Cyber Risk,Intellectual Property Risk,proprietary technology,"Our inability to protect our proprietary technology against unauthorized copying or use, as well as any costly litigation or diversion of our management’s attention and resources, could delay future sales and introductions of new capabilities, result in our substituting inferior or more costly technologies into our business, or injure our reputation.",1,2,base=1 (filing mentions=1); amplifiers=1; dampeners=0,RKLB_risk_factors.txt,,False,high,"Intellectual property protection risk, not supply chain risk - focuses on IP theft/copying and litigation, not supply chain dependencies or disruptions",Intellectual Property Risk
Raytheon Technologies,RTX,2026,2/6/2026,Supplier Concentration,Single-Source,sole.?source,"Moreover, over the past several years, the DoW has increased its use of Other Transaction Authority (OTA) agreements, under which it awards certain prototypes, research, and production contracts without all of the procurement requirements that typically apply to DoW contracts, including justification of sole source awards.",1,1,base=1 (filing mentions=1); amplifiers=0; dampeners=0,RTX_risk_factors.txt,,False,high,"Sentence discusses DoD procurement process flexibility, not the company's supplier concentration risk",
Raytheon Technologies,RTX,2026,2/6/2026,Supplier Concentration,Single-Source,sole source,"Moreover, over the past several years, the DoW has increased its use of Other Transaction Authority (OTA) agreements, under which it awards certain prototypes, research, and production contracts without all of the procurement requirements that typically apply to DoW contracts, including justification of sole source awards.",1,1,base=1 (filing mentions=1); amplifiers=0; dampeners=0,RTX_risk_factors.txt,,False,high,"Sentence discusses DoD procurement policy changes regarding OTA agreements and their exemption from sole source justification requirements - this is about government contracting procedures, not the company's supply chain vulnerability to sole source suppliers",
Raytheon Technologies,RTX,2026,2/6/2026,Geopolitical Risk,Regulatory Risk,war,"In addition, pursuant to a January 7, 2026 Executive Order, the Secretary of War could seek to limit our ability to pay cash dividends or make share repurchases if the Secretary of War determines that we have underperformed or lacked sufficient prioritization of, investment in or production speed in carrying out / performing under our U.S. government contracts.",5,3,base=3 (filing mentions=5); amplifiers=0; dampeners=0,RTX_risk_factors.txt,,False,high,"Secretary of War is a proper noun/title referring to a government position, not geopolitical war risk; sentence describes regulatory/compliance risk related to dividend restrictions",Regulatory Risk
Raytheon Technologies,RTX,2026,2/6/2026,Export Control & Regulatory,Export Control,export control,"These risks relate to, among other things, product safety and reliability, personal injuries, intellectual property rights, contract-related claims, government contracts, taxes, environmental matters, the use of chemical substances, the use of artificial intelligence, export control, sanctions, employment matters, securities laws, competition laws, and laws governing improper business practices.",4,2,base=2 (filing mentions=4); amplifiers=0; dampeners=0,RTX_risk_factors.txt,,False,high,Generic list of risk areas without substantive detail on actual export control vulnerabilities or threats,
Raytheon Technologies,RTX,2026,2/6/2026,Export Control & Regulatory,Export Control,EAR,"In the U.S., these laws and regulations include, among others, the Export Administration Regulations (EAR) administered by the U.S.",4,2,base=2 (filing mentions=4); amplifiers=0; dampeners=0,RTX_risk_factors.txt,,False,high,Definitional sentence listing the name and administrative body of a regulation without describing actual risk or impact,
Raytheon Technologies,RTX,2026,2/6/2026,Export Control & Regulatory,Export Control,EAR,"Munitions List of the ITAR, the Commerce Control List of the EAR, or are otherwise subject to the EAR and/or the U.S.",4,2,base=2 (filing mentions=4); amplifiers=0; dampeners=0,RTX_risk_factors.txt,,False,high,"Definitional sentence describing regulatory frameworks (ITAR, EAR) without expressing actual risk or vulnerability",
Raytheon Technologies,RTX,2026,2/6/2026,Export Control & Regulatory,Export Control,International Traffic in Arms,"Department of Commerce, the International Traffic in Arms Regulations (ITAR) and Arms Export Control Act (AECA) provisions administered by the U.S.",1,1,base=1 (filing mentions=1); amplifiers=0; dampeners=0,RTX_risk_factors.txt,,False,high,"Definitional sentence listing regulatory bodies and regulations without describing actual risk, vulnerability, or impact",
Raytheon Technologies,RTX,2026,2/6/2026,Technology & Cyber Risk,Cybersecurity,cybersecurity,"We continue to make investments and adopt measures designed to enhance our protection, detection, response, and recovery capabilities, and to mitigate potential risks to our technology, products, services, and operations from potential cybersecurity threats, as well as to comply with evolving regulations.",9,3,base=3 (filing mentions=9); amplifiers=0; dampeners=0,RTX_risk_factors.txt,,False,high,Describes mitigating actions and investments the company is taking rather than expressing a vulnerability or threat,
Virgin Galactic,SPCE,2026,3/30/2026,Geopolitical Risk,Geopolitical,political instability,"The trading price of our common stock may fluctuate due to a variety of factors, including: • changes in the industries in which we operate; • the number of flights we schedule for a period, the number of seats we are able to sell in any given spaceflight and the price at which we sell them; • delays in development of additional spaceships and launch vehicles, including our next-generation spaceships, or in the completion of our ground and flight testing programs; • delays in future commercial flights of our next-generation spaceships; • developments involving our competitors; • unexpected weather patterns, maintenance issues, natural disasters or other events that force us to cancel or reschedule flights; • variations in our operating performance and the performance of our competitors in general; • actual or anticipated fluctuations in our quarterly or annual operating results; • publication of research reports by securities analysts about us, our competitors or our industry; • the public’s reaction to our press releases, public announcements and filings with the SEC; • additions and departures of key employees and personnel; • competition for talent and skill-sets required; • changes in laws and regulations affecting our business; • commencement of, or involvement in, litigation involving us; • changes in our capital structure, such as future issuances of securities or the incurrence of debt; • investors mistaking developments involving other companies, including Virgin-branded companies, as involving us and our business; • the volume of shares of our common stock available for public sale; • sales of common stock by our directors, officers or significant stockholders, or the perception that such sales may occur; • short sales of our common stock; and • general economic and political conditions such as pandemics or epidemics, recessions, inflation, interest rates, fuel prices, international currency fluctuations, corruption, political instability and acts of war or terrorism.",2,4,base=2 (filing mentions=2); amplifiers=2; dampeners=0,SPCE_risk_factors.txt,,False,high,"This sentence lists generic factors affecting stock price volatility, not supply chain risks. 'Political instability' appears in a boilerplate list of macroeconomic conditions that could affect stock trading price, without explaining any specific supply chain vulnerability or operational impact to Virgin Galactic's business.",
Virgin Galactic,SPCE,2026,3/30/2026,Geopolitical Risk,Geopolitical,political instability,"In the event that we expand internationally, we expect that we would be subject to additional risks related to entering into international business relationships, including: • restructuring our operations to comply with local regulatory regimes; • identifying, hiring and training highly skilled personnel; • unexpected changes in tariffs, trade barriers and regulatory requirements; • economic weakness, including inflation, or political instability in foreign economies and markets; • compliance with tax, employment, immigration and labor laws for employees living or traveling abroad; • foreign taxes, including withholding of payroll taxes; • the need for U.S. government approval to operate our spaceflight systems outside the United States; • the need for local government approval to operate our spaceflight systems; • foreign currency fluctuations, which could result in increased operating expenses and reduced revenue; • government appropriation of assets; • workforce uncertainty in countries where labor unrest is more common than in the United States; and • disadvantages of competing against companies from countries that are not subject to U.S. laws and regulations, including anti-corruption laws and anti-money laundering regulations, as well as exposure of our foreign operations to liability under these regulatory regimes.",2,1,base=2 (filing mentions=2); amplifiers=0; dampeners=1,SPCE_risk_factors.txt,,False,high,"This is a hypothetical future scenario ('In the event that we expand internationally, we expect...') describing potential risks of international expansion, not current supply chain risks. The company is listing generic international business risks that would only apply if they expand operations abroad.",
Virgin Galactic,SPCE,2026,3/30/2026,Geopolitical Risk,Market Risk,war,"The trading price of our common stock may fluctuate due to a variety of factors, including: • changes in the industries in which we operate; • the number of flights we schedule for a period, the number of seats we are able to sell in any given spaceflight and the price at which we sell them; • delays in development of additional spaceships and launch vehicles, including our next-generation spaceships, or in the completion of our ground and flight testing programs; • delays in future commercial flights of our next-generation spaceships; • developments involving our competitors; • unexpected weather patterns, maintenance issues, natural disasters or other events that force us to cancel or reschedule flights; • variations in our operating performance and the performance of our competitors in general; • actual or anticipated fluctuations in our quarterly or annual operating results; • publication of research reports by securities analysts about us, our competitors or our industry; • the public’s reaction to our press releases, public announcements and filings with the SEC; • additions and departures of key employees and personnel; • competition for talent and skill-sets required; • changes in laws and regulations affecting our business; • commencement of, or involvement in, litigation involving us; • changes in our capital structure, such as future issuances of securities or the incurrence of debt; • investors mistaking developments involving other companies, including Virgin-branded companies, as involving us and our business; • the volume of shares of our common stock available for public sale; • sales of common stock by our directors, officers or significant stockholders, or the perception that such sales may occur; • short sales of our common stock; and • general economic and political conditions such as pandemics or epidemics, recessions, inflation, interest rates, fuel prices, international currency fluctuations, corruption, political instability and acts of war or terrorism.",2,4,base=2 (filing mentions=2); amplifiers=2; dampeners=0,SPCE_risk_factors.txt,,False,high,"This is a stock price volatility risk factor listing generic market conditions. 'War' appears in a laundry list of general economic/political factors affecting stock price, not describing a specific supply chain vulnerability or operational dependency.",Market Risk
Virgin Galactic,SPCE,2026,3/30/2026,Geopolitical Risk,Regulatory & Compliance Risk,sanctions,"These requirements include, for example: • specialized disclosure and accounting requirements unique to government contracts; • financial and compliance audits that may result in potential liability for price adjustments, recoupment of government funds after such funds have been spent, civil and criminal penalties, or administrative sanctions such as suspension or debarment from doing business with the U.S. government; • public disclosures of certain contract and company information; and • mandatory socioeconomic compliance requirements, including labor requirements, non-discrimination and affirmative action programs and environmental compliance requirements. 31 Table of Contents Government contracts are also generally subject to greater scrutiny by the government, which can initiate reviews, audits and investigations regarding our compliance with government contract requirements.",5,1,base=3 (filing mentions=5); amplifiers=0; dampeners=4,SPCE_risk_factors.txt,,False,high,"The sentence discusses administrative sanctions (suspension/debarment) as consequences of government contract non-compliance, not geopolitical sanctions affecting supply chain",Regulatory & Compliance Risk
Virgin Galactic,SPCE,2026,3/30/2026,Material & Component Shortage,Inflation / Cost Pressure,inflation,"The trading price of our common stock may fluctuate due to a variety of factors, including: • changes in the industries in which we operate; • the number of flights we schedule for a period, the number of seats we are able to sell in any given spaceflight and the price at which we sell them; • delays in development of additional spaceships and launch vehicles, including our next-generation spaceships, or in the completion of our ground and flight testing programs; • delays in future commercial flights of our next-generation spaceships; • developments involving our competitors; • unexpected weather patterns, maintenance issues, natural disasters or other events that force us to cancel or reschedule flights; • variations in our operating performance and the performance of our competitors in general; • actual or anticipated fluctuations in our quarterly or annual operating results; • publication of research reports by securities analysts about us, our competitors or our industry; • the public’s reaction to our press releases, public announcements and filings with the SEC; • additions and departures of key employees and personnel; • competition for talent and skill-sets required; • changes in laws and regulations affecting our business; • commencement of, or involvement in, litigation involving us; • changes in our capital structure, such as future issuances of securities or the incurrence of debt; • investors mistaking developments involving other companies, including Virgin-branded companies, as involving us and our business; • the volume of shares of our common stock available for public sale; • sales of common stock by our directors, officers or significant stockholders, or the perception that such sales may occur; • short sales of our common stock; and • general economic and political conditions such as pandemics or epidemics, recessions, inflation, interest rates, fuel prices, international currency fluctuations, corruption, political instability and acts of war or terrorism.",8,5,base=3 (filing mentions=8); amplifiers=2; dampeners=0,SPCE_risk_factors.txt,,False,high,"Sentence lists general economic factors affecting stock price volatility, not supply chain risks. Inflation mentioned as macroeconomic condition impacting trading price, not material/component costs or supply chain operations.",
Virgin Galactic,SPCE,2026,3/30/2026,Material & Component Shortage,Inflation / Cost Pressure,inflation,"In the event that we expand internationally, we expect that we would be subject to additional risks related to entering into international business relationships, including: • restructuring our operations to comply with local regulatory regimes; • identifying, hiring and training highly skilled personnel; • unexpected changes in tariffs, trade barriers and regulatory requirements; • economic weakness, including inflation, or political instability in foreign economies and markets; • compliance with tax, employment, immigration and labor laws for employees living or traveling abroad; • foreign taxes, including withholding of payroll taxes; • the need for U.S. government approval to operate our spaceflight systems outside the United States; • the need for local government approval to operate our spaceflight systems; • foreign currency fluctuations, which could result in increased operating expenses and reduced revenue; • government appropriation of assets; • workforce uncertainty in countries where labor unrest is more common than in the United States; and • disadvantages of competing against companies from countries that are not subject to U.S. laws and regulations, including anti-corruption laws and anti-money laundering regulations, as well as exposure of our foreign operations to liability under these regulatory regimes.",8,2,base=3 (filing mentions=8); amplifiers=0; dampeners=1,SPCE_risk_factors.txt,,False,high,"Sentence discusses hypothetical international expansion risks, not current supply chain vulnerabilities. Uses conditional language 'In the event that we expand' and 'we expect that we would be subject to' indicating prospective rather than existing risk.",
Virgin Galactic,SPCE,2026,3/30/2026,Material & Component Shortage,Financial Risk,inflation,"For example, unfavorable economic conditions, whether related to inflation, interest rates or otherwise have resulted in, and may continue to result in, significant disruption and volatility of global financial markets that could adversely impact our ability to access capital.",8,5,base=3 (filing mentions=8); amplifiers=3; dampeners=0,SPCE_risk_factors.txt,,False,high,"Discusses inflation's impact on capital access and financial markets, not supply chain material costs or component shortages",Financial Risk
Virgin Galactic,SPCE,2026,3/30/2026,Manufacturing & Production Risk,Quality / Defect,quality assurance,"Our success depends, in significant part, on the continued services of our senior management team and on our ability to attract, motivate, develop and retain a sufficient number of other highly skilled personnel, including pilots, manufacturing and quality assurance, engineering, design, finance, marketing, sales and support personnel.",1,2,base=1 (filing mentions=1); amplifiers=1; dampeners=0,SPCE_risk_factors.txt,,False,high,"This is a human resources/talent retention risk, not a supply chain or manufacturing quality risk. The keyword 'quality assurance' appears in a list of personnel types the company needs to attract and retain, not in the context of actual quality control processes or defect management.",
Virgin Galactic,SPCE,2026,3/30/2026,Manufacturing & Production Risk,Workforce / Labor,union,"As we have expanded and expect to further expand our international presence, we are also subject to additional privacy requirements, such as the European Union General Data Protection Regulation (“EU GDPR”), the United Kingdom General Data Protection Regulation and United Kingdom Data Protection Act 2018 (collectively, the “UK GDPR”) (the EU GDPR and UK GDPR together, the “GDPR”) and national laws supplementing the EU GDPR.",2,2,base=2 (filing mentions=2); amplifiers=0; dampeners=0,SPCE_risk_factors.txt,,False,high,"The keyword 'union' appears as part of the proper noun 'European Union' in a data privacy regulation context, not as a labor union or workforce risk",
Virgin Galactic,SPCE,2026,3/30/2026,Manufacturing & Production Risk,Workforce / Labor,union,"However, the Court of Justice of the European Union (“CJEU”) has noted that reliance on the standard contractual clauses alone may not necessarily be sufficient in all circumstances and that transfers must be assessed on a case-by-case basis.",2,2,base=2 (filing mentions=2); amplifiers=0; dampeners=0,SPCE_risk_factors.txt,,False,high,"Keyword 'union' refers to 'European Union' (CJEU), a proper noun/geographic entity in a data transfer legal context, not workforce/labor union risk",
Virgin Galactic,SPCE,2026,3/30/2026,Technology & Cyber Risk,Intellectual Property Risk,proprietary technology,"Our inability to protect our proprietary technology, as well as any costly litigation or diversion of our management’s attention and resources, could disrupt our business, as well as have a material adverse effect on our financial condition and results of operations.",2,4,base=2 (filing mentions=2); amplifiers=3; dampeners=0,SPCE_risk_factors.txt,,False,high,"This describes intellectual property protection risk, not supply chain risk. The sentence concerns protecting proprietary technology from infringement/litigation, not dependency on technology for supply chain operations.",Intellectual Property Risk
Virgin Galactic,SPCE,2026,3/30/2026,Technology & Cyber Risk,Technology Dependency,proprietary technology,We may also seek to expand the application of our existing proprietary technology in new and unproven offerings.,2,2,base=2 (filing mentions=2); amplifiers=0; dampeners=0,SPCE_risk_factors.txt,,False,high,"Sentence describes company's strategic intention to expand technology applications, not a dependency risk or vulnerability related to proprietary technology",
Virgin Galactic,SPCE,2026,3/30/2026,Technology & Cyber Risk,Intellectual Property,intellectual property,"From time to time, we may become involved in various legal proceedings relating to matters incidental to the ordinary course of our business, including intellectual property, commercial, product liability, employment, class action, whistleblower and other litigation and claims, and governmental and other regulatory investigations and proceedings.",28,5,base=5 (filing mentions=28); amplifiers=0; dampeners=0,SPCE_risk_factors.txt,,False,high,"Generic boilerplate litigation statement that merely lists intellectual property among various legal proceedings incidental to ordinary business operations; does not describe a specific IP vulnerability, dependency, or threat",
Spire Global,SPIR,2026,3/19/2026,Manufacturing & Production Risk,Human Capital Risk,attrition,The industry in which we operate is generally characterized by significant competition for personnel as well as high employee attrition.,1,2,base=1 (filing mentions=1); amplifiers=1; dampeners=0,SPIR_risk_factors.txt,,False,high,"This describes general labor market competition and employee retention challenges, not a supply chain risk. This is a human capital/talent acquisition risk, not related to manufacturing, production, or supply chain operations.",Human Capital Risk
Spire Global,SPIR,2026,3/19/2026,Technology & Cyber Risk,Intellectual Property Risk,proprietary technology,"However, if we fail to protect or enforce our intellectual property rights or trade secrets adequately, our competitors might gain access to our proprietary technology and develop and commercialize similar services or technologies, we may not have access to the technology or data that we need, and our business, financial condition, results of operations, or prospects could be adversely affected.",3,3,base=2 (filing mentions=3); amplifiers=1; dampeners=0,SPIR_risk_factors.txt,,False,high,"This is an intellectual property risk, not a supply chain risk. The sentence discusses protecting proprietary technology from competitors gaining access, which relates to IP protection and competitive position, not supply chain dependencies or vulnerabilities.",Intellectual Property Risk
Spire Global,SPIR,2026,3/19/2026,Technology & Cyber Risk,Intellectual Property Risk,proprietary technology,"Our success depends, in part, upon our ability to obtain, maintain, protect, and enforce our intellectual property rights, including our proprietary technology, know-how, and our brand.",3,2,base=2 (filing mentions=3); amplifiers=0; dampeners=0,SPIR_risk_factors.txt,,False,high,"This sentence describes intellectual property risk, not supply chain risk. The risk concerns the company's ability to protect its own proprietary technology and IP rights, not a dependency on external technology suppliers or supply chain vulnerabilities.",Intellectual Property Risk
Spire Global,SPIR,2026,3/19/2026,Technology & Cyber Risk,Intellectual Property,intellectual property,"However, if we fail to protect or enforce our intellectual property rights or trade secrets adequately, our competitors might gain access to our proprietary technology and develop and commercialize similar services or technologies, we may not have access to the technology or data that we need, and our business, financial condition, results of operations, or prospects could be adversely affected.",10,5,base=4 (filing mentions=10); amplifiers=1; dampeners=0,SPIR_risk_factors.txt,,False,high,"This describes intellectual property protection risk, not supply chain risk. The sentence addresses competitive threats from IP theft/failure to protect proprietary technology, which is a general business risk but not related to supply chain vulnerabilities, supplier dependencies, or operational continuity.",
Spire Global,SPIR,2026,3/19/2026,Technology & Cyber Risk,Legal & Regulatory Risk → Intellectual Property Infringement,intellectual property,"However, we may not be aware if our services are infringing, misappropriating, or otherwise violating third-party intellectual property rights, including with respect to technology and data obtained by others for use by us, and such third parties may bring claims alleging such infringement, misappropriation, or violation.",10,5,base=4 (filing mentions=10); amplifiers=1; dampeners=0,SPIR_risk_factors.txt,,False,high,"This describes intellectual property infringement risk, not a supply chain risk. The sentence relates to legal/IP risks of infringing third-party IP rights, which is a legal/compliance matter rather than a supply chain vulnerability or operational dependency.",Legal & Regulatory Risk → Intellectual Property Infringement
Spire Global,SPIR,2026,3/19/2026,Technology & Cyber Risk,Technology & Cyber Risk → Intellectual Property Protection,intellectual property,"There can be no guarantee that others will not infringe on our trademarks or patents, independently develop offerings that are similar to our intellectual property or trade secrets, duplicate any of our offerings, or design around our patents or other intellectual property rights.",10,4,base=4 (filing mentions=10); amplifiers=0; dampeners=0,SPIR_risk_factors.txt,,False,high,"This describes intellectual property protection risks (patent/trademark infringement, IP theft), not supply chain risks. The risk concerns others copying or infringing on the company's IP rights, which is a legal/competitive risk rather than a supply chain vulnerability.",Technology & Cyber Risk → Intellectual Property Protection
Spire Global,SPIR,2026,3/19/2026,Technology & Cyber Risk,Intellectual Property,trade secret,"We rely on a combination of patents, copyrights, trademarks, service marks, trade secret laws, and contractual provisions in an effort to obtain, establish, maintain and protect these rights.",1,1,base=1 (filing mentions=1); amplifiers=0; dampeners=0,SPIR_risk_factors.txt,,False,high,"This sentence describes the company's IP protection strategy and legal mechanisms used to protect intellectual property. It does not express a vulnerability, dependency, or threat - it's a statement of protective measures, not a risk.",
